post_id,scraped_at,make,model,year,mileage,price,transmission,drivetrain,fuel_type,engine_cylinders,condition,color,body_type,title_status,actual_price,pred_price
7923911742,2026-04-04T04:00:32Z,Ford,Ranger,2000,104000.0,3500.0,automatic,,gasoline,,good,Black,truck,clean,3500.0,6559.78
7923916683,2026-04-04T04:00:32Z,Audi,A3,2016,161000.0,1600.0,automatic,,gasoline,,fair,white,sedan,clean,1600.0,11660.68
7924810376,2026-04-04T04:00:32Z,Mercedes-Benz,Sprinter,2016,200489.0,14200.0,automatic,,diesel,6.0,good,white,van,clean,14200.0,11461.44
7922548329,2026-04-04T05:00:16Z,Chevrolet,El Camino,1985,59000.0,25500.0,automatic,,gasoline,8.0,good,black,coupe,clean,25500.0,115511.6
7923762274,2026-04-04T05:00:16Z,Hyundai,Elantra,2019,121000.0,7900.0,automatic,,gasoline,4.0,good,grey,sedan,clean,7900.0,9679.69
7922888763,2026-04-04T06:00:06Z,BMW,3 Series,2004,164000.0,2800.0,automatic,,gasoline,,,,convertible,clean,2800.0,4312.36
7923455555,2026-04-04T06:00:06Z,Tesla,Y,2021,61000.0,5000.0,automatic,4wd,electric,,like new,white,wagon,clean,5000.0,21955.78
7924070156,2026-04-04T06:00:06Z,Jeep,Liberty,2012,114000.0,6885.0,automatic,4wd,gasoline,6.0,like new,Green,suv,clean,6885.0,10897.02
7925306908,2026-04-04T06:00:06Z,BMW,X2,2018,79633.0,15500.0,automatic,awd,gasoline,4.0,,black,suv,clean,15500.0,16436.14
7923756382,2026-04-04T07:00:00Z,Honda,CR-V,2014,130000.0,11900.0,automatic,awd,gasoline,4.0,good,brown,suv,clean,11900.0,8655.36
7921847519,2026-04-04T07:00:00Z,Chrysler,Town & Country,2012,166000.0,1600.0,automatic,fwd,gasoline,6.0,good,,van,clean,1600.0,5211.02
7923661595,2026-04-04T07:00:00Z,Acura,TLX,2018,30000.0,,automatic,4wd,gasoline,4.0,like new,red,sedan,clean,,-10051.88
7921766314,2026-04-04T07:00:00Z,Toyota,Venza,2011,133000.0,4800.0,automatic,fwd,gasoline,4.0,good,grey,suv,clean,4800.0,7249.27
7922351290,2026-04-04T07:00:00Z,Nissan,Rogue,2012,168000.0,2300.0,automatic,awd,gasoline,4.0,fair,red,suv,clean,2300.0,5370.09
7922507203,2026-04-04T07:00:00Z,Ford,Econoline Cargo Van,2013,108356.0,12900.0,automatic,fwd,gasoline,8.0,good,White,van,clean,12900.0,9275.48
7921747776,2026-04-04T07:00:00Z,Mitsubishi,Montero,1998,157000.0,4500.0,automatic,,gasoline,6.0,good,,suv,clean,4500.0,6060.3
7923756053,2026-04-04T07:00:00Z,Infiniti,Ex35,2013,89281.0,9900.0,automatic,4wd,gasoline,6.0,like new,grey,suv,clean,9900.0,7699.35
7924073272,2026-04-04T07:00:00Z,BMW,328i,2011,96000.0,7485.0,automatic,4wd,gasoline,6.0,good,blue,sedan,clean,7485.0,6987.52
7924376322,2026-04-04T07:00:00Z,Dodge,Neon,2002,150000.0,3288.0,automatic,,gasoline,,,,sedan,clean,3288.0,3321.74
7924591429,2026-04-04T07:00:00Z,Chevrolet,Express,2005,66167.0,25993.0,automatic,awd,gasoline,8.0,good,beige,van,clean,25993.0,13289.96
7924920866,2026-04-04T07:00:00Z,Chevrolet,El Camino,1986,1234567.0,6000.0,automatic,,gasoline,,good,maroon,truck,clean,6000.0,34945.2
7921614789,2026-04-04T08:00:41Z,Jaguar,XF,2015,79004.0,11900.0,automatic,awd,gasoline,6.0,,Black,sedan,clean,11900.0,13548.85
7922902947,2026-04-04T08:00:41Z,Nissan,Altima,2003,84000.0,4000.0,automatic,fwd,gasoline,4.0,good,brown,sedan,clean,4000.0,5349.97
7923756258,2026-04-04T08:00:41Z,Honda,Accord,2012,150492.0,5900.0,automatic,fwd,gasoline,4.0,good,black,sedan,clean,5900.0,3440.17
7924224692,2026-04-04T08:00:41Z,Chevrolet,Equinox,2013,138000.0,4950.0,automatic,fwd,gasoline,6.0,good,white,suv,clean,4950.0,13049.12
7921732963,2026-04-04T08:00:41Z,Ford,Thunderbird,1965,64000.0,1000.0,automatic,rwd,gasoline,8.0,good,silver,,clean,1000.0,49524.86
7925445118,2026-04-04T08:00:41Z,Ford,Ranger,2000,50000.0,6500.0,automatic,4wd,gasoline,6.0,,,truck,clean,6500.0,19359.3
7922507463,2026-04-04T09:00:36Z,Mercedes-Benz,S-Class,2014,82595.0,20900.0,automatic,awd,gasoline,8.0,good,gray,sedan,clean,20900.0,13548.85
7921820814,2026-04-04T09:00:36Z,Ford,F450,2019,131000.0,59000.0,automatic,4wd,diesel,6.0,good,Black,truck,clean,59000.0,17515.03
7923189477,2026-04-04T09:00:36Z,Lexus,Rx,2013,168000.0,9800.0,automatic,fwd,gasoline,6.0,like new,,suv,clean,9800.0,8547.26
7923254716,2026-04-04T09:00:36Z,Hyundai,Electra,2010,133500.0,3300.0,automatic,fwd,gasoline,4.0,good,grey,coupe,clean,3300.0,5847.0
7921888310,2026-04-04T09:00:36Z,Infiniti,G37,2013,179282.0,3000.0,automatic,,gasoline,6.0,good,white,sedan,clean,3000.0,9794.86
7923759911,2026-04-04T09:00:36Z,Jeep,Cherokee,2015,81802.0,9900.0,automatic,4wd,gasoline,6.0,like new,blue,suv,clean,9900.0,17517.1
7924685016,2026-04-04T09:00:36Z,Chevrolet,Camaro,1997,130000.0,15900.0,automatic,rwd,gasoline,8.0,good,black,coupe,clean,15900.0,27428.4
7921614763,2026-04-04T10:00:25Z,Chevrolet,Silverado,2009,177265.0,6700.0,automatic,4wd,gasoline,8.0,,green,truck,clean,6700.0,12794.84
7922483301,2026-04-04T10:00:25Z,Pontiac,Trans Am,1977,64877.0,59500.0,manual,,gasoline,8.0,,Black,coupe,clean,59500.0,47352.73
7922507872,2026-04-04T10:00:25Z,Chevrolet,Silverado,2014,142168.0,14600.0,automatic,4wd,gasoline,8.0,,gray,truck,clean,14600.0,19199.86
7923269564,2026-04-04T10:00:25Z,Audi,Q5,2014,129400.0,9800.0,automatic,awd,,4.0,good,grey,suv,clean,9800.0,7062.96
7922800852,2026-04-04T10:00:25Z,Subaru,Outback,2018,117800.0,11800.0,automatic,4wd,gasoline,4.0,like new,red,suv,clean,11800.0,12801.64
7923722098,2026-04-04T10:00:25Z,Chrysler,Town & Country,2015,51345.0,28900.0,automatic,fwd,gasoline,6.0,,white,minivan,clean,28900.0,8467.65
7922507523,2026-04-04T10:00:25Z,Audi,A4,2019,71241.0,13800.0,automatic,,gasoline,4.0,good,black,sedan,clean,13800.0,22462.84
7924202834,2026-04-04T10:00:25Z,Dodge,Neon,2002,150000.0,3288.0,automatic,,gasoline,,,,sedan,clean,3288.0,3321.74
7924375576,2026-04-04T10:00:25Z,Cadillac,CTS,2012,170000.0,7995.0,automatic,awd,gasoline,6.0,good,blue,sedan,clean,7995.0,4587.87
7921640793,2026-04-04T11:00:18Z,Mercedes-Benz,S550,2012,68000.0,18000.0,automatic,rwd,gasoline,8.0,like new,black,sedan,clean,18000.0,19174.43
7922815041,2026-04-04T11:00:18Z,Jeep,Compass,2015,129000.0,5500.0,automatic,4wd,gasoline,4.0,good,Blue,suv,clean,5500.0,9158.72
7923755491,2026-04-04T11:00:18Z,Subaru,Crosstrek,2018,173000.0,9900.0,automatic,4wd,gasoline,4.0,good,red,wagon,clean,9900.0,6853.34
7924093354,2026-04-04T11:00:18Z,Subaru,Outback,2017,80000.0,21000.0,automatic,4wd,gasoline,6.0,like new,White,suv,clean,21000.0,17491.3
7925249300,2026-04-04T11:00:18Z,Jeep,Grand Cherokee,2006,130000.0,3950.0,automatic,4wd,gasoline,6.0,,,suv,clean,3950.0,6404.15
7925234660,2026-04-04T11:00:18Z,Ford,Fusion,2016,199000.0,4500.0,automatic,fwd,gasoline,4.0,good,white,sedan,clean,4500.0,11301.68
7923549869,2026-04-04T12:00:06Z,Acura,3.5RL,2001,121327.0,4300.0,automatic,fwd,gasoline,6.0,good,white,sedan,clean,4300.0,5497.41
7923269477,2026-04-04T12:00:06Z,Mazda,CX-5,2014,99800.0,12800.0,automatic,awd,gasoline,4.0,good,Gray,suv,clean,12800.0,10030.2
7923755864,2026-04-04T12:00:06Z,Subaru,XV Crosstrek,2014,124824.0,10900.0,automatic,4wd,gasoline,4.0,good,Grey,wagon,clean,10900.0,7654.18
7922509088,2026-04-04T12:00:06Z,Honda,Pilot,2015,92417.0,11950.0,automatic,4wd,gasoline,6.0,,silver,suv,clean,11950.0,8227.2
7921970159,2026-04-04T12:00:06Z,Maserati,Quattroporte,2020,39853.0,39500.0,automatic,4wd,gasoline,6.0,like new,blue,sedan,clean,39500.0,27236.69
7924062938,2026-04-04T12:00:06Z,Chevrolet,Suburban,2008,242000.0,8500.0,automatic,4wd,gasoline,6.0,good,black,suv,clean,8500.0,31202.72
7925305573,2026-04-04T12:00:06Z,Chevrolet,Caprice,1988,69541.0,17500.0,automatic,,gasoline,8.0,good,Cream,wagon,clean,17500.0,13432.71
7925355433,2026-04-04T12:00:06Z,Chevrolet,Chevette,1978,75000.0,5500.0,automatic,rwd,gasoline,8.0,like new,blue,hatchback,clean,5500.0,47650.68
7925501885,2026-04-04T12:00:06Z,Dodge,Neon,2002,150000.0,3288.0,automatic,,gasoline,,,,,clean,3288.0,3321.74
7923661642,2026-04-04T13:00:13Z,Chevrolet,Silverado,2016,90000.0,,automatic,4wd,gasoline,8.0,like new,blue,truck,clean,,13995.17
7922044538,2026-04-04T13:00:13Z,Chevrolet,Silverado,2014,200526.0,8500.0,automatic,4wd,gasoline,8.0,good,white,truck,clean,8500.0,24820.91
7922010428,2026-04-04T13:00:13Z,Ford,E-350,2012,198600.0,10000.0,automatic,rwd,gasoline,8.0,good,black,van,clean,10000.0,4006.95
7922673481,2026-04-04T13:00:13Z,Chrysler,Town & Country,2012,166000.0,1550.0,automatic,fwd,gasoline,6.0,good,,van,clean,1550.0,5211.02
7923855738,2026-04-04T13:00:13Z,Acura,TL,2008,144000.0,3800.0,,fwd,gasoline,6.0,good,grey,sedan,rebuilt,3800.0,3269.46
7923269508,2026-04-04T13:00:13Z,Chevrolet,Equinox,2018,135100.0,12800.0,automatic,awd,gasoline,4.0,,Black,suv,clean,12800.0,14159.06
7923178106,2026-04-04T13:00:13Z,Subaru,Impreza,2013,150000.0,3900.0,automatic,4wd,gasoline,6.0,,,hatchback,clean,3900.0,7948.02
7921614824,2026-04-04T13:00:13Z,Chevrolet,Traverse,2019,87713.0,14650.0,automatic,awd,gasoline,6.0,,black,suv,clean,14650.0,29682.0
7923845755,2026-04-04T13:00:13Z,Volkswagen,Jetta,2014,173000.0,4200.0,automatic,fwd,gasoline,4.0,good,Grey,sedan,clean,4200.0,4222.41
7923912455,2026-04-04T13:00:13Z,Audi,A6,2019,42250.0,17000.0,automatic,,gasoline,,like new,black,sedan,clean,17000.0,32205.28
7924429406,2026-04-04T13:00:13Z,Kia,Soul,2018,170000.0,4200.0,automatic,fwd,gasoline,4.0,like new,Silver,,clean,4200.0,7696.99
7925336798,2026-04-04T13:00:13Z,Subaru,Forester,2015,132799.0,10998.0,automatic,awd,gasoline,4.0,,Silver,wagon,clean,10998.0,7442.92
7923844048,2026-04-04T14:00:15Z,Dodge,Grand Caravan,2016,180000.0,5200.0,automatic,fwd,gasoline,6.0,like new,Black,van,clean,5200.0,7546.12
7921791498,2026-04-04T14:00:15Z,Mercedes-Benz,Sprinter,2019,85710.0,20990.0,automatic,rwd,diesel,6.0,like new,grey,van,clean,20990.0,17605.42
7922385577,2026-04-04T14:00:15Z,Mercedes-Benz,GLE 43,2019,74648.0,47500.0,automatic,4wd,gasoline,6.0,like new,black,suv,clean,47500.0,25109.85
7922266631,2026-04-04T14:00:15Z,Acura,Mdx,2011,125000.0,6200.0,automatic,,gasoline,6.0,good,white,suv,clean,6200.0,11180.5
7922825064,2026-04-04T14:00:15Z,Audi,A5,2009,215000.0,2500.0,manual,4wd,gasoline,6.0,fair,silver,coupe,clean,2500.0,3446.71
7922723123,2026-04-04T14:00:15Z,Lexus,LC 500,2018,19539.0,48920.0,automatic,,gasoline,8.0,like new,,,clean,48920.0,8725.38
7923687600,2026-04-04T14:00:15Z,Mercedes-Benz,GL,2015,124948.0,10950.0,automatic,4wd,gasoline,6.0,good,black,suv,clean,10950.0,12934.76
7923854316,2026-04-04T14:00:15Z,Chevrolet,Silverado,2004,188000.0,3500.0,automatic,4wd,gasoline,8.0,good,,truck,clean,3500.0,9906.43
7923952902,2026-04-04T14:00:15Z,Subaru,Outback,1998,260000.0,1550.0,manual,4wd,gasoline,4.0,good,Black,wagon,clean,1550.0,-4551.2
7924262826,2026-04-04T14:00:15Z,Volvo,240,1990,252300.0,1200.0,automatic,rwd,gasoline,4.0,fair,blue,sedan,clean,1200.0,-21978.93
7924302745,2026-04-04T14:00:15Z,Toyota,Land Cruiser,2001,273000.0,4000.0,automatic,4wd,gasoline,8.0,fair,,suv,clean,4000.0,1836.62
7924825235,2026-04-04T14:00:15Z,Honda,Civic,2012,159543.0,5995.0,automatic,fwd,gasoline,4.0,good,red,sedan,clean,5995.0,5058.49
7925055107,2026-04-04T14:00:15Z,Dodge,Neon,2002,150000.0,3488.0,automatic,,gasoline,,,,,clean,3488.0,3321.74
7925084301,2026-04-04T14:00:15Z,Ford,E-450,2013,164000.0,44995.0,automatic,,gasoline,,,White,van,clean,44995.0,6525.91
7925305495,2026-04-04T14:00:15Z,Toyota,Avalon Hybrid,2013,100775.0,14800.0,automatic,fwd,gasoline,4.0,good,Burgundy,sedan,clean,14800.0,8528.45
7925423031,2026-04-04T14:00:15Z,Acura,Tlx,2022,24000.0,,automatic,4wd,gasoline,4.0,like new,red,sedan,clean,,23289.08
7925356182,2026-04-04T14:00:15Z,Audi,A6,2019,42250.0,17000.0,automatic,,gasoline,,like new,Black,sedan,clean,17000.0,35627.3
7922939454,2026-04-04T15:00:48Z,Ram,Promaster,2024,25.0,88993.0,automatic,fwd,gasoline,6.0,new,white,van,clean,88993.0,25873.51
7921670912,2026-04-04T15:00:48Z,Ford,E350 Super Duty Cutaway,2018,160000.0,25000.0,automatic,,gasoline,10.0,good,white,van,clean,25000.0,14586.31
7921740355,2026-04-04T15:00:48Z,Subaru,Forester,2015,131732.0,9998.0,automatic,awd,gasoline,4.0,,Black,wagon,clean,9998.0,7442.92
7922490891,2026-04-04T15:00:48Z,AMC,Rambler Classic,1963,57290.0,7000.0,manual,rwd,gasoline,6.0,good,yellow,sedan,clean,7000.0,56013.0
7922613194,2026-04-04T15:00:48Z,Ford,Mustang,2011,105405.0,10900.0,manual,rwd,gasoline,6.0,like new,white,coupe,clean,10900.0,16048.95
7923518061,2026-04-04T15:00:48Z,Nissan,Pathfinder,2016,114000.0,9885.0,automatic,4wd,gasoline,6.0,good,blue,suv,clean,9885.0,6302.56
7922811843,2026-04-04T15:00:48Z,Chevrolet,Malibu,2011,165000.0,2999.0,automatic,fwd,gasoline,4.0,good,silver,sedan,clean,2999.0,4221.43
7924303723,2026-04-04T15:00:48Z,Ford,F-150,2018,71621.0,29955.0,automatic,,gasoline,6.0,like new,,truck,clean,29955.0,30880.81
7924437904,2026-04-04T15:00:48Z,Infiniti,JX35,2013,139000.0,6885.0,automatic,awd,gasoline,6.0,good,silver,suv,clean,6885.0,7321.26
7924667042,2026-04-04T15:00:48Z,Lexus,LS,2011,115212.0,13500.0,automatic,4wd,gasoline,8.0,,blue,sedan,clean,13500.0,9191.08
7924687780,2026-04-04T15:00:48Z,Honda,Civic,2014,150000.0,6999.0,automatic,,gasoline,4.0,good,,,clean,6999.0,7377.26
7925003013,2026-04-04T15:00:48Z,Jaguar,Mk V,1950,51000.0,85000.0,manual,rwd,gasoline,6.0,like new,Red,convertible,clean,85000.0,60677.72
7925186421,2026-04-04T15:00:48Z,Toyota,4Runner,2016,181790.0,18900.0,automatic,4wd,gasoline,6.0,like new,white,suv,clean,18900.0,15351.61
7925306939,2026-04-04T15:00:48Z,Chevrolet,Chevelle,1966,59985.0,69500.0,automatic,,gasoline,,,grey,coupe,clean,69500.0,65665.75
7925305560,2026-04-04T15:00:48Z,Land Rover,Range Rover,2018,101615.0,31900.0,automatic,awd,gasoline,8.0,good,black,suv,clean,31900.0,21860.44
7925424458,2026-04-04T15:00:48Z,Toyota,Camry,2010,149000.0,7600.0,automatic,4wd,gasoline,4.0,good,,sedan,clean,7600.0,8088.6
7925422877,2026-04-04T15:00:48Z,Acura,Mdx,2012,166000.0,7900.0,automatic,4wd,gasoline,6.0,good,,suv,clean,7900.0,6626.13
7925568448,2026-04-04T15:00:48Z,Nissan,Murano,2010,109000.0,5985.0,automatic,awd,gasoline,6.0,like new,black,suv,clean,5985.0,2759.81
7921880180,2026-04-04T16:00:34Z,Ford,Focus,2007,185000.0,3288.0,automatic,fwd,gasoline,4.0,,,,clean,3288.0,2234.77
7922723740,2026-04-04T16:00:34Z,Ford,F-150,2018,71621.0,29920.0,automatic,,gasoline,6.0,like new,,truck,clean,29920.0,30880.81
7923661289,2026-04-04T16:00:34Z,Toyota,Camry,2018,33000.0,2000.0,automatic,fwd,gasoline,6.0,like new,white,sedan,clean,2000.0,19876.46
7922507293,2026-04-04T16:00:34Z,Ram,Dakota,2011,129550.0,9700.0,automatic,4wd,gasoline,6.0,,black,truck,clean,9700.0,15326.23
7922588869,2026-04-04T16:00:34Z,Subaru,Crosstrek,2018,188779.0,6900.0,automatic,awd,gasoline,4.0,like new,Black,hatchback,clean,6900.0,9911.96
7921688351,2026-04-04T16:00:34Z,Dodge,Neon,2002,150000.0,3288.0,automatic,,gasoline,,,,,clean,3288.0,3321.74
7922764895,2026-04-04T16:00:34Z,Saab,9-3,2006,145000.0,3200.0,automatic,,gasoline,4.0,good,grey,convertible,clean,3200.0,4102.26
7923329866,2026-04-04T16:00:34Z,Honda,Civic,2011,56000.0,3400.0,automatic,fwd,,4.0,like new,white,sedan,clean,3400.0,8159.05
7923204921,2026-04-04T16:00:34Z,Volvo,262C Bertone,1978,100000.0,6500.0,manual,,gasoline,4.0,good,Silver,coupe,clean,6500.0,35518.39
7921873546,2026-04-04T16:00:34Z,Jeep,Liberty,2003,48000.0,5000.0,automatic,4wd,gasoline,6.0,like new,,truck,clean,5000.0,21989.94
7923525504,2026-04-04T16:00:34Z,Nissan,Altima,2012,140000.0,5000.0,automatic,fwd,gasoline,4.0,good,Black,,clean,5000.0,4387.29
7924240885,2026-04-04T16:00:34Z,Mini,Cooper,2008,134000.0,3500.0,automatic,fwd,gasoline,4.0,good,,hatchback,clean,3500.0,6453.79
7924305807,2026-04-04T16:00:34Z,Ford,Pickup,1958,100000.0,6000.0,manual,fwd,gasoline,4.0,,red,truck,clean,6000.0,35296.64
7924494256,2026-04-04T16:00:34Z,Chevrolet,Impala,2007,136320.0,2995.0,automatic,fwd,gasoline,6.0,good,brown,sedan,clean,2995.0,3493.04
7924444719,2026-04-04T16:00:34Z,Subaru,Outback,2012,130671.0,8998.0,automatic,awd,gasoline,4.0,good,red,wagon,clean,8998.0,6722.71
7924663819,2026-04-04T16:00:34Z,Hyundai,Sonata,2013,220000.0,3700.0,automatic,fwd,gasoline,4.0,good,blue,sedan,clean,3700.0,5645.88
7924813991,2026-04-04T16:00:34Z,Dodge,Neon,2002,150000.0,3288.0,automatic,,gasoline,,,,,clean,3288.0,3321.74
7925043371,2026-04-04T16:00:34Z,Chevrolet,Equinox,2012,160000.0,5000.0,automatic,4wd,gasoline,4.0,like new,black,suv,clean,5000.0,28151.33
7925163610,2026-04-04T16:00:34Z,Subaru,Forester,2016,185000.0,7500.0,automatic,4wd,gasoline,4.0,good,silver,suv,clean,7500.0,5054.02
7925252175,2026-04-04T16:00:34Z,BMW,X5,2015,142000.0,8985.0,automatic,awd,gasoline,6.0,like new,white,suv,clean,8985.0,12358.99
7925305585,2026-04-04T16:00:34Z,Ford,Econoline Cargo Van,2014,91374.0,12300.0,automatic,fwd,gasoline,8.0,,white,van,clean,12300.0,11028.88
7925273874,2026-04-04T16:00:34Z,Dodge,Neon,2002,150000.0,3288.0,automatic,,gasoline,,,,,clean,3288.0,3321.74
7925306875,2026-04-04T16:00:34Z,Dodge,Charger,2019,54917.0,10800.0,automatic,rwd,gasoline,6.0,,white,sedan,clean,10800.0,11422.88
7925530133,2026-04-04T16:00:34Z,Honda,CRV,2008,166000.0,5900.0,automatic,,gasoline,4.0,good,black,suv,clean,5900.0,6340.54
7922324947,2026-04-04T17:00:07Z,Chevrolet,Cobalt,2009,140000.0,3000.0,automatic,,gasoline,,,,,clean,3000.0,5662.59
7922411334,2026-04-04T17:00:07Z,Subaru,XV Crosstrek,2014,120228.0,8999.0,automatic,4wd,hybrid,4.0,good,green,hatchback,clean,8999.0,8969.76
7922420256,2026-04-04T17:00:07Z,Toyota,Camry,1998,165000.0,2600.0,automatic,,gasoline,,good,,sedan,clean,2600.0,8267.2
7923755686,2026-04-04T17:00:07Z,Volkswagen,Passat,2014,85972.0,8900.0,automatic,fwd,gasoline,4.0,like new,grey,sedan,clean,8900.0,14750.21
7923755600,2026-04-04T17:00:07Z,Ford,Fiesta,2016,88133.0,5900.0,automatic,fwd,gasoline,4.0,like new,white,sedan,clean,5900.0,11626.97
7922869991,2026-04-04T17:00:07Z,Ram,Promaster,2017,174000.0,14500.0,automatic,fwd,gasoline,6.0,like new,white,van,clean,14500.0,13905.09
7921994075,2026-04-04T17:00:07Z,BMW,325i,2005,181000.0,800.0,automatic,,gasoline,6.0,good,,sedan,clean,800.0,1879.01
7922501024,2026-04-04T17:00:07Z,Ford,Coupe,1940,,44500.0,automatic,rwd,gasoline,8.0,good,red,coupe,clean,44500.0,34826.76
7922970700,2026-04-04T17:00:07Z,Jeep,Grand Cherokee,2011,135168.0,,automatic,4wd,gasoline,8.0,,Black,suv,clean,,8183.94
7923755951,2026-04-04T17:00:07Z,Nissan,Versa,2013,121347.0,3900.0,,,gasoline,4.0,like new,grey,sedan,clean,3900.0,5200.95
7923882371,2026-04-04T17:00:07Z,Lexus,NX,2021,125753.0,21900.0,automatic,awd,gasoline,4.0,like new,black,suv,clean,21900.0,20173.14
7923755764,2026-04-04T17:00:07Z,Hyundai,Sonata,2014,118290.0,6900.0,automatic,fwd,gasoline,4.0,like new,white,sedan,clean,6900.0,10768.27
7922401745,2026-04-04T17:00:07Z,Chrysler,Pacifica,2023,20228.0,68993.0,automatic,fwd,gasoline,6.0,like new,blue,van,clean,68993.0,25851.15
7924005476,2026-04-04T17:00:07Z,Dodge,Neon,2002,150000.0,3288.0,automatic,,gasoline,,,,,clean,3288.0,3321.74
7924159050,2026-04-04T17:00:07Z,Ford,Mustang,1967,,5000.0,manual,rwd,gasoline,6.0,good,red,coupe,clean,5000.0,34826.76
7924340657,2026-04-04T17:00:07Z,Subaru,Legacy,2015,175019.0,6900.0,automatic,awd,gasoline,4.0,like new,black,sedan,clean,6900.0,10040.0
7924562729,2026-04-04T17:00:07Z,Subaru,Outback,2011,150000.0,6000.0,automatic,4wd,gasoline,4.0,good,red,suv,clean,6000.0,7654.24
7924590168,2026-04-04T17:00:07Z,Ford,F-150,1987,79000.0,7500.0,manual,4wd,gasoline,8.0,good,red,truck,clean,7500.0,42500.29
7924445814,2026-04-04T17:00:07Z,Ram,Promaster City,2019,201000.0,8500.0,automatic,fwd,gasoline,4.0,good,white,van,clean,8500.0,14477.27
7924922065,2026-04-04T17:00:07Z,Ford,F150,1987,79000.0,7500.0,manual,4wd,gasoline,8.0,fair,Red,truck,clean,7500.0,42500.29
7925306888,2026-04-04T17:00:07Z,Ford,Fusion,2020,35125.0,14850.0,automatic,fwd,gasoline,4.0,fair,Blue,sedan,clean,14850.0,14758.29
7925306897,2026-04-04T17:00:07Z,Ford,Fusion,2015,92276.0,10850.0,automatic,awd,gasoline,4.0,,black,sedan,clean,10850.0,9706.04
7925357523,2026-04-04T17:00:07Z,Toyota,Corolla,2008,222789.0,2400.0,automatic,fwd,gasoline,4.0,good,blue,sedan,clean,2400.0,5888.32
7922732721,2026-04-04T18:00:36Z,Chevrolet,Malibu,2012,132567.0,3995.0,automatic,fwd,gasoline,4.0,good,silver,sedan,clean,3995.0,4658.99
7923277819,2026-04-04T18:00:36Z,Acura,Rdx,2008,131799.0,7995.0,automatic,4wd,gasoline,4.0,,red,suv,clean,7995.0,6456.82
7923288138,2026-04-04T18:00:36Z,Hyundai,Santa Fe,2013,180000.0,6500.0,automatic,4wd,gasoline,4.0,like new,white,suv,clean,6500.0,15681.89
7923649180,2026-04-04T18:00:36Z,Ram,Promaster,2020,46500.0,26500.0,automatic,fwd,gasoline,6.0,like new,silver,van,clean,26500.0,18113.16
7923842626,2026-04-04T18:00:36Z,Chrysler,Town And Country,2013,163000.0,4900.0,automatic,fwd,gasoline,6.0,like new,Silver,van,clean,4900.0,7993.12
7922927030,2026-04-04T18:00:36Z,Chevrolet,Silverado,2008,167190.0,7999.0,automatic,rwd,gasoline,6.0,good,blue,truck,clean,7999.0,13496.96
7922410662,2026-04-04T18:00:36Z,Toyota,Prius,2016,173177.0,9499.0,automatic,fwd,hybrid,4.0,good,silver,hatchback,clean,9499.0,5584.56
7922588531,2026-04-04T18:00:36Z,Chevrolet,Suburban,2020,113946.0,21900.0,automatic,4wd,gasoline,8.0,like new,white,suv,clean,21900.0,16044.4
7922810985,2026-04-04T18:00:36Z,BMW,750Li,2014,113000.0,6999.0,automatic,4wd,gasoline,8.0,good,black,sedan,rebuilt,6999.0,6947.34
7923914038,2026-04-04T18:00:36Z,Ford,F-250,1997,131000.0,5500.0,automatic,4wd,gasoline,8.0,good,blue,truck,clean,5500.0,10538.46
7922205598,2026-04-04T18:00:36Z,GMC,Savana,2011,110885.0,8500.0,automatic,rwd,gasoline,6.0,fair,white,van,clean,8500.0,10484.34
7923863990,2026-04-04T18:00:36Z,Fiat,500,2012,37851.0,7999.0,manual,fwd,gasoline,4.0,good,blue,hatchback,clean,7999.0,35551.72
7923896699,2026-04-04T18:00:36Z,Chevrolet,Impala,2006,111000.0,6750.0,automatic,fwd,gasoline,8.0,good,black,sedan,clean,6750.0,25238.63
7924074050,2026-04-04T18:00:36Z,Toyota,Sienna,2015,159707.0,12900.0,automatic,fwd,gasoline,6.0,like new,red,van,clean,12900.0,9463.36
7924062352,2026-04-04T18:00:36Z,Subaru,Impreza,2015,183000.0,4800.0,automatic,awd,gasoline,4.0,good,Silver,hatchback,clean,4800.0,6995.47
7922320344,2026-04-04T18:00:36Z,Ford,Transit,1985,15000.0,5000.0,automatic,fwd,gasoline,8.0,good,black,van,clean,5000.0,116941.04
7924338874,2026-04-04T18:00:36Z,Honda,Civic,2012,136000.0,3500.0,automatic,fwd,gasoline,4.0,good,Brown,sedan,clean,3500.0,6120.15
7925022585,2026-04-04T18:00:36Z,Saturn,Vue,2007,165000.0,3900.0,automatic,fwd,gasoline,6.0,good,red,suv,clean,3900.0,5024.44
7923488225,2026-04-04T18:00:36Z,Saturn,Vue,2007,165000.0,5700.0,automatic,fwd,gasoline,6.0,like new,red,suv,clean,5700.0,6980.49
7925251911,2026-04-04T18:00:36Z,Volvo,S80,2012,151000.0,5485.0,automatic,awd,gasoline,6.0,like new,white,sedan,clean,5485.0,12599.21
7925306868,2026-04-04T18:00:36Z,Ford,F-150,2017,106743.0,18995.0,automatic,4wd,gasoline,6.0,,Red,truck,clean,18995.0,17328.94
7925305637,2026-04-04T18:00:36Z,Infiniti,Q50,2018,139096.0,14850.0,automatic,4wd,gasoline,6.0,,white,sedan,clean,14850.0,13486.27
7925411755,2026-04-04T18:00:36Z,Volkswagen,Passat,2008,158000.0,2000.0,manual,,gasoline,,fair,,sedan,clean,2000.0,5496.87
7925433618,2026-04-04T18:00:36Z,Acura,Tlx,2022,30000.0,2000.0,automatic,,gasoline,,,,sedan,clean,2000.0,-2291.03
7925551829,2026-04-04T18:00:36Z,Mercedes-Benz,GLA,2015,55526.0,7400.0,automatic,awd,gasoline,4.0,like new,red,suv,clean,7400.0,12250.01
7925610792,2026-04-04T18:00:36Z,Chevrolet,Silverado,2016,90000.0,,automatic,4wd,gasoline,8.0,like new,blue,truck,clean,,13995.17
7925617529,2026-04-04T18:00:36Z,Hyundai,Elantra,2019,121000.0,7900.0,automatic,fwd,gasoline,4.0,good,grey,sedan,clean,7900.0,9679.69
7925618185,2026-04-04T18:00:36Z,Infiniti,Ex35,2013,89281.0,9900.0,automatic,4wd,gasoline,6.0,like new,grey,suv,clean,9900.0,7699.35
7925619053,2026-04-04T18:00:36Z,Ford,Fiesta,2016,88133.0,5900.0,automatic,fwd,gasoline,4.0,like new,white,sedan,clean,5900.0,11626.97
7925619188,2026-04-04T18:00:36Z,Subaru,Crosstrek,2018,173000.0,9900.0,automatic,4wd,gasoline,4.0,like new,red,wagon,clean,9900.0,7821.18
7922899953,2026-04-04T19:00:36Z,Subaru,Forester,2023,113437.0,19900.0,automatic,4wd,gasoline,4.0,like new,black,suv,clean,19900.0,20239.35
7922507642,2026-04-04T19:00:36Z,Kia,Optima,2015,116669.0,8800.0,automatic,,gasoline,4.0,,silver,sedan,clean,8800.0,6591.59
7922888909,2026-04-04T19:00:36Z,Dodge,Neon,2002,150000.0,3288.0,automatic,,gasoline,,,,,clean,3288.0,3321.74
7923327561,2026-04-04T19:00:36Z,Dodge,Neon,2002,150000.0,3288.0,automatic,,gasoline,,,,,clean,3288.0,3321.74
7923457320,2026-04-04T19:00:36Z,Lexus,ES350,2013,79000.0,14950.0,automatic,,gasoline,6.0,good,grey,sedan,clean,14950.0,11547.06
7923838194,2026-04-04T19:00:36Z,Subaru,Outback,2018,136170.0,13998.0,automatic,awd,gasoline,4.0,good,blue,wagon,clean,13998.0,11298.09
7923643535,2026-04-04T19:00:36Z,Volvo,S60,2013,101000.0,5485.0,automatic,fwd,gasoline,5.0,good,white,sedan,clean,5485.0,10002.33
7923846364,2026-04-04T19:00:36Z,Jeep,Wrangler,2014,163000.0,8000.0,manual,4wd,gasoline,6.0,like new,Silver,suv,clean,8000.0,9582.23
7922588638,2026-04-04T19:00:36Z,Subaru,Forester,2015,150818.0,6900.0,automatic,4wd,gasoline,4.0,like new,silver,suv,clean,6900.0,8609.49
7922393570,2026-04-04T19:00:36Z,Nissan,Pathfinder,2015,154800.0,8000.0,automatic,4wd,gasoline,6.0,like new,silver,suv,clean,8000.0,7223.73
7923573368,2026-04-04T19:00:36Z,Nissan,Altima,2013,103000.0,9500.0,automatic,,gasoline,6.0,good,white,sedan,clean,9500.0,7916.04
7923545896,2026-04-04T19:00:36Z,Toyota,Highlander,2018,133333.0,12450.0,automatic,4wd,gasoline,6.0,good,brown,suv,clean,12450.0,12643.38
7923939433,2026-04-04T19:00:36Z,Jeep,Grand Cherokee,2009,117810.0,6800.0,automatic,4wd,gasoline,8.0,,black,suv,clean,6800.0,9759.63
7922382206,2026-04-04T19:00:36Z,Subaru,Outback,2008,146350.0,4998.0,automatic,awd,gasoline,4.0,,Black,wagon,clean,4998.0,4775.69
7922019524,2026-04-04T19:00:36Z,Ford,E-350 Econoline,2006,190000.0,1500.0,automatic,fwd,gasoline,8.0,fair,,van,clean,1500.0,2232.61
7923269589,2026-04-04T19:00:36Z,Cadillac,ATS,2015,80600.0,13800.0,automatic,awd,gasoline,4.0,good,Tan,sedan,clean,13800.0,13548.85
7923932390,2026-04-04T19:00:36Z,Subaru,Outback,2011,190000.0,3750.0,automatic,4wd,gasoline,,good,grey,wagon,clean,3750.0,2382.27
7923948525,2026-04-04T19:00:36Z,Ford,Edge,2018,137100.0,10800.0,automatic,awd,gasoline,4.0,good,Gray,suv,clean,10800.0,12143.57
7923559798,2026-04-04T19:00:36Z,Dodge,Neon,2002,150000.0,3488.0,automatic,,gasoline,,,,,clean,3488.0,3321.74
7922045837,2026-04-04T19:00:36Z,Honda,Cr-V,2008,166657.0,4500.0,automatic,4wd,gasoline,4.0,good,black,suv,clean,4500.0,6340.54
7924043271,2026-04-04T19:00:36Z,Chevrolet,Avalanche,2005,215000.0,5800.0,automatic,4wd,gasoline,8.0,good,,truck,clean,5800.0,9246.84
7924070470,2026-04-04T19:00:36Z,Lexus,Rx 350L,2019,149541.0,20900.0,automatic,4wd,gasoline,6.0,like new,White,suv,clean,20900.0,11274.49
7924601339,2026-04-04T19:00:36Z,Dodge,Neon,2002,150000.0,3288.0,automatic,,gasoline,,,,,clean,3288.0,3321.74
7925133149,2026-04-04T19:00:36Z,Ford,Elite,1976,40000.0,4000.0,automatic,fwd,gasoline,8.0,like new,white,coupe,clean,4000.0,83963.95
7925231411,2026-04-04T19:00:36Z,Chevrolet,Silverado,2001,246000.0,5000.0,automatic,4wd,diesel,8.0,good,black,truck,missing,5000.0,30760.05
7925306944,2026-04-04T19:00:36Z,Dodge,Grand Caravan,2016,48019.0,12850.0,automatic,fwd,gasoline,6.0,,blue,minivan,clean,12850.0,12365.43
7925306856,2026-04-04T19:00:36Z,Mercedes-Benz,GLK-Class,2015,123897.0,8800.0,automatic,rwd,gasoline,6.0,good,red,suv,clean,8800.0,9385.55
7925286956,2026-04-04T19:00:36Z,Jeep,Wrangler,1995,174000.0,5000.0,manual,4wd,gasoline,4.0,good,green,,missing,5000.0,-435.78
7925305626,2026-04-04T19:00:36Z,GMC,Yukon XL,2018,153518.0,15990.0,automatic,4wd,gasoline,8.0,,White,SUV,clean,15990.0,10721.87
7925331759,2026-04-04T19:00:36Z,Subaru,Legacy,2014,212700.0,3200.0,automatic,,gasoline,,good,blue,sedan,clean,3200.0,5057.68
7925559046,2026-04-04T19:00:36Z,Infiniti,Qx56,2010,128000.0,6200.0,automatic,4wd,gasoline,8.0,like new,black,suv,clean,6200.0,2816.31
7925568443,2026-04-04T19:00:36Z,Subaru,Outback,2016,136978.0,11998.0,automatic,awd,gasoline,4.0,,red,wagon,clean,11998.0,6602.32
7925618367,2026-04-04T19:00:36Z,Nissan,Versa,2013,121347.0,3500.0,,,gasoline,4.0,like new,Grey,sedan,clean,3500.0,6934.42
7922688678,2026-04-04T19:00:36Z,Honda,Accord,2012,150492.0,6900.0,automatic,fwd,gasoline,4.0,like new,black,sedan,clean,6900.0,4859.08
7922970432,2026-04-04T20:00:53Z,Mercedes-Benz,S500,2004,80982.0,8995.0,automatic,4wd,gasoline,8.0,like new,black,sedan,clean,8995.0,6369.5
7923189849,2026-04-04T20:00:53Z,Honda,Civic,2015,74500.0,9000.0,automatic,,gasoline,4.0,good,Black,,rebuilt,9000.0,20848.31
7923252224,2026-04-04T20:00:53Z,Hyundai,Elantra,2010,133500.0,3300.0,automatic,fwd,gasoline,4.0,good,grey,sedan,clean,3300.0,4181.61
7923778321,2026-04-04T20:00:53Z,Chevrolet,Cobalt,2009,140000.0,3000.0,automatic,,gasoline,,,,,clean,3000.0,5662.59
7922056251,2026-04-04T20:00:53Z,Chevrolet,Silverado,2004,200000.0,5900.0,automatic,4wd,gasoline,,,,truck,clean,5900.0,9246.84
7922588288,2026-04-04T20:00:53Z,Toyota,Camry,2017,98165.0,14700.0,automatic,fwd,gasoline,4.0,like new,white,sedan,clean,14700.0,15119.95
7922176112,2026-04-04T20:00:53Z,BMW,X3,2016,124000.0,9885.0,automatic,4wd,gasoline,4.0,like new,white,suv,clean,9885.0,13036.05
7922279684,2026-04-04T20:00:53Z,Nissan,Rogue,2015,133000.0,4900.0,automatic,awd,gasoline,4.0,like new,black,suv,clean,4900.0,12356.27
7922452370,2026-04-04T20:00:53Z,Chevrolet,Impala,2002,168886.0,2500.0,automatic,,gasoline,6.0,fair,,sedan,clean,2500.0,1627.83
7922588436,2026-04-04T20:00:53Z,Toyota,Rav4,2016,141229.0,13900.0,automatic,awd,hybrid,4.0,like new,Black,suv,clean,13900.0,10824.23
7923838233,2026-04-04T20:00:53Z,Subaru,Outback,2015,174302.0,9998.0,automatic,awd,gasoline,4.0,,blue,wagon,clean,9998.0,5190.86
7923661457,2026-04-04T20:00:53Z,Chevrolet,Silverado,2016,90000.0,2000.0,automatic,4wd,gasoline,8.0,like new,blue,truck,clean,2000.0,13995.17
7922590371,2026-04-04T20:00:53Z,Mercedes-Benz,E350,2013,148609.0,9900.0,automatic,awd,gasoline,6.0,like new,black,wagon,clean,9900.0,8891.61
7922409847,2026-04-04T20:00:53Z,Volkswagen,Tiguan,2013,108000.0,6200.0,automatic,4wd,gasoline,4.0,good,black,suv,clean,6200.0,12703.68
7922507737,2026-04-04T20:00:53Z,Hyundai,Elantra,2017,105189.0,8900.0,automatic,,gasoline,4.0,,red,sedan,clean,8900.0,10693.26
7923948552,2026-04-04T20:00:53Z,Hyundai,Elantra,2013,114100.0,6800.0,automatic,fwd,gasoline,4.0,good,gray,sedan,clean,6800.0,7561.72
7924386182,2026-04-04T20:00:53Z,Toyota,Camry,2012,93250.0,13800.0,automatic,fwd,gasoline,4.0,like new,red,sedan,clean,13800.0,9322.98
7924639916,2026-04-04T20:00:53Z,Nissan,Quest,2006,135000.0,2000.0,automatic,fwd,gasoline,6.0,good,black,van,clean,2000.0,5179.79
7924666974,2026-04-04T20:00:53Z,BMW,X1,2018,86540.0,13500.0,automatic,fwd,gasoline,4.0,,white,suv,clean,13500.0,15006.44
7924667000,2026-04-04T20:00:53Z,Chevrolet,Bel Air,1956,1250.0,175000.0,manual,,gasoline,,,black,convertible,clean,175000.0,160000.08
7924831703,2026-04-04T20:00:53Z,Toyota,Prius,2009,127000.0,6485.0,automatic,fwd,hybrid,4.0,good,grey,hatchback,clean,6485.0,6486.23
7924666730,2026-04-04T20:00:53Z,Hyundai,Elantra,2023,108905.0,16750.0,automatic,fwd,gasoline,4.0,fair,Gray,sedan,clean,16750.0,17774.2
7924666673,2026-04-04T20:00:53Z,Land Rover,Range Rover Sport,2018,93146.0,20950.0,automatic,awd,gasoline,6.0,,White,suv,clean,20950.0,13242.68
7924685857,2026-04-04T20:00:53Z,Chevrolet,Express,2010,280000.0,4800.0,automatic,,gasoline,8.0,good,grey,van,clean,4800.0,10146.1
7924892871,2026-04-04T20:00:53Z,Toyota,Tundra,2011,190000.0,7500.0,automatic,4wd,gasoline,8.0,,,truck,clean,7500.0,16051.39
7925112720,2026-04-04T20:00:53Z,BMW,Z3,2001,79700.0,14000.0,automatic,rwd,gasoline,6.0,good,silver,convertible,clean,14000.0,9151.19
7925184822,2026-04-04T20:00:53Z,Ford,Focus,2017,56588.0,8300.0,automatic,fwd,gasoline,4.0,like new,Grey,coupe,clean,8300.0,14356.07
7925240722,2026-04-04T20:00:53Z,Subaru,Impreza,2013,185000.0,3500.0,automatic,awd,gasoline,4.0,good,silver,hatchback,clean,3500.0,5447.6
7925306918,2026-04-04T20:00:53Z,Nissan,Rogue,2020,82675.0,13800.0,automatic,4wd,gasoline,4.0,,Blue,suv,clean,13800.0,13405.55
7925305595,2026-04-04T20:00:53Z,Chevrolet,Tahoe,2011,178907.0,8500.0,automatic,4wd,,8.0,,Red,suv,clean,8500.0,8237.89
7925305613,2026-04-04T20:00:53Z,Audi,Q3,2020,77916.0,18900.0,automatic,awd,gasoline,4.0,good,Gray,suv,clean,18900.0,17958.08
7923562891,2026-04-04T20:00:53Z,Ford,Ranger,2005,142350.0,8000.0,manual,4wd,gasoline,6.0,good,red,truck,clean,8000.0,10696.44
7925305601,2026-04-04T20:00:53Z,Honda,Pilot,2016,120070.0,12990.0,automatic,4wd,gasoline,6.0,,white,suv,clean,12990.0,11932.52
7925354008,2026-04-04T20:00:53Z,Hyundai,Elantra,2013,130000.0,4700.0,automatic,,gasoline,4.0,good,red,sedan,clean,4700.0,6344.55
7925305645,2026-04-04T20:00:53Z,Lexus,GS 300,2006,131986.0,8900.0,automatic,4wd,gasoline,6.0,,silver,sedan,clean,8900.0,2910.97
7925348581,2026-04-04T20:00:53Z,BMW,528i,2012,71000.0,7985.0,automatic,4wd,gasoline,4.0,good,black,sedan,clean,7985.0,16101.15
7925577632,2026-04-04T20:00:53Z,Lexus,Ls 460 L,2007,164379.0,10900.0,automatic,rwd,gasoline,8.0,like new,Grey,sedan,clean,10900.0,4428.65
7925602918,2026-04-04T20:00:53Z,Tesla,Model S,2021,61000.0,5000.0,automatic,4wd,electric,6.0,like new,white,wagon,clean,5000.0,21955.78
7925619387,2026-04-04T20:00:53Z,Chevrolet,Silverado,2016,90000.0,2000.0,automatic,4wd,gasoline,8.0,like new,blue,truck,clean,2000.0,13995.17
7925617922,2026-04-04T20:00:53Z,Jeep,Cherokee,2015,81802.0,9900.0,automatic,4wd,gasoline,6.0,like new,Blue,suv,clean,9900.0,18064.82
7925619005,2026-04-04T20:00:53Z,Toyota,Camry,2018,33000.0,2000.0,automatic,fwd,gasoline,6.0,like new,white,sedan,clean,2000.0,19876.46
7922267738,2026-04-04T21:00:38Z,Freightliner,M2,2007,235000.0,9500.0,automatic,rwd,diesel,6.0,good,white,truck,clean,9500.0,18354.66
7922507802,2026-04-04T21:00:38Z,Jeep,Grand Cherokee L,2021,119058.0,21950.0,automatic,4wd,gasoline,6.0,,Gray,suv,clean,21950.0,19151.14
7922959941,2026-04-04T21:00:38Z,Chevrolet,Camaro,1976,139000.0,25000.0,automatic,rwd,gasoline,8.0,good,blue,coupe,clean,25000.0,35087.37
7923202182,2026-04-04T21:00:38Z,Chevrolet,El Camino,1986,1234567.0,6000.0,automatic,,gasoline,,good,,truck,clean,6000.0,32610.17
7923278051,2026-04-04T21:00:38Z,Nissan,Maxima,2014,117455.0,6488.0,automatic,fwd,gasoline,6.0,,white,sedan,clean,6488.0,7714.82
7922731916,2026-04-04T21:00:38Z,Ford,F-350,2005,310000.0,15900.0,automatic,4wd,diesel,8.0,good,white,truck,clean,15900.0,8803.73
7922872400,2026-04-04T21:00:38Z,Chrysler,Crossfire,2004,93000.0,7500.0,automatic,rwd,gasoline,6.0,good,grey,coupe,clean,7500.0,4260.34
7923005029,2026-04-04T21:00:38Z,Mazda,5,2012,172000.0,3900.0,automatic,fwd,gasoline,4.0,like new,grey,van,clean,3900.0,5483.87
7923121216,2026-04-04T21:00:38Z,Dodge,Neon,2002,150000.0,3288.0,automatic,,gasoline,,,,,clean,3288.0,3321.74
7922414018,2026-04-04T21:00:38Z,Ford,Focus,2014,108456.0,5500.0,automatic,fwd,gasoline,4.0,like new,blue,hatchback,clean,5500.0,11616.86
7922813805,2026-04-04T21:00:38Z,Honda,Accord,2015,149000.0,7500.0,automatic,fwd,gasoline,4.0,good,black,sedan,clean,7500.0,10304.79
7923269623,2026-04-04T21:00:38Z,BMW,5 Series,2016,100300.0,14800.0,automatic,awd,gasoline,6.0,good,black,sedan,clean,14800.0,13107.06
7922107506,2026-04-04T21:00:38Z,Dodge,Neon,2002,150000.0,3288.0,automatic,,gasoline,,,,,clean,3288.0,3321.74
7922509063,2026-04-04T21:00:38Z,Acura,Mdx,2018,72433.0,17990.0,automatic,fwd,gasoline,6.0,,White,suv,clean,17990.0,22256.39
7923015219,2026-04-04T21:00:38Z,Nissan,Altima,2010,163117.0,4500.0,automatic,fwd,gasoline,4.0,good,black,sedan,clean,4500.0,-3688.77
7922860906,2026-04-04T21:00:38Z,Chevrolet,K10 Pickup,1983,25257.0,3550.0,automatic,4wd,gasoline,8.0,good,black,truck,clean,3550.0,133753.04
7923269547,2026-04-04T21:00:38Z,Volkswagen,Jetta,2015,141800.0,6800.0,automatic,fwd,gasoline,4.0,good,Red,sedan,clean,6800.0,7268.49
7923484982,2026-04-04T21:00:38Z,Toyota,Camry,2009,70000.0,9000.0,automatic,fwd,gasoline,4.0,good,grey,sedan,clean,9000.0,13031.18
7923661334,2026-04-04T21:00:38Z,Tesla,Model Y,2021,61000.0,5000.0,automatic,4wd,electric,,like new,White,wagon,clean,5000.0,19988.31
7922382217,2026-04-04T21:00:38Z,Subaru,Outback,2012,105094.0,9998.0,automatic,awd,gasoline,4.0,,blue,wagon,clean,9998.0,6292.17
7922606224,2026-04-04T21:00:38Z,Honda,Accord,2010,80000.0,25000.0,automatic,,gasoline,6.0,good,Silver,sedan,clean,25000.0,11407.59
7923286252,2026-04-04T21:00:38Z,Subaru,Forester,2010,150000.0,5500.0,automatic,4wd,gasoline,4.0,good,blue,suv,clean,5500.0,7040.9
7922438841,2026-04-04T21:00:38Z,Chevrolet,Silverado,2008,250000.0,3800.0,automatic,,gasoline,,good,,truck,clean,3800.0,18970.41
7923197043,2026-04-04T21:00:38Z,Subaru,XV Crosstrek,2015,154359.0,9998.0,automatic,awd,gasoline,4.0,,Gray,wagon,clean,9998.0,6827.11
7923948506,2026-04-04T21:00:38Z,Ford,Escape,2015,119500.0,7800.0,automatic,fwd,gasoline,4.0,good,Black,suv,clean,7800.0,9718.06
7922589046,2026-04-04T21:00:38Z,Toyota,Camry,2012,160899.0,8500.0,automatic,fwd,gasoline,4.0,like new,red,sedan,clean,8500.0,8051.32
7922813137,2026-04-04T21:00:38Z,Honda,Accord,2009,120000.0,5999.0,automatic,fwd,gasoline,4.0,like new,grey,sedan,clean,5999.0,5393.4
7922387295,2026-04-04T21:00:38Z,Audi,A6,2019,42250.0,17000.0,automatic,,gasoline,,like new,Black,sedan,clean,17000.0,35627.3
7923062721,2026-04-04T21:00:38Z,Honda,Civic,2013,112885.0,9999.0,automatic,fwd,gasoline,4.0,good,blue,sedan,clean,9999.0,8030.0
7923627347,2026-04-04T21:00:38Z,Volkswagen,Tiguan,2023,22500.0,20000.0,automatic,,gasoline,,like new,Grey,suv,clean,20000.0,26312.63
7922714644,2026-04-04T21:00:38Z,Chevrolet,Box Truck,2007,66000.0,7500.0,automatic,,gasoline,8.0,,white,truck,clean,7500.0,17016.88
7922955918,2026-04-04T21:00:38Z,Ford,Mustang,2000,197000.0,3900.0,manual,rwd,gasoline,6.0,good,black,convertible,clean,3900.0,394.73
7924057907,2026-04-04T21:00:38Z,Ford,Mini-T HR Campervan,2025,87.0,139500.0,automatic,4wd,gasoline,6.0,new,,van,clean,139500.0,25121.85
7924073386,2026-04-04T21:00:38Z,Cadillac,ATS,2014,130000.0,6485.0,automatic,awd,gasoline,4.0,like new,red,sedan,clean,6485.0,8726.57
7924224802,2026-04-04T21:00:38Z,Chevrolet,Cruze,2013,85000.0,5495.0,automatic,,gasoline,4.0,good,Tan,sedan,clean,5495.0,11899.91
7924302851,2026-04-04T21:00:38Z,Lexus,LC 500,2018,19539.0,48955.0,automatic,,gasoline,8.0,good,,coupe,clean,48955.0,14103.88
7924615716,2026-04-04T21:00:38Z,Mercedes-Benz,S430,2002,200000.0,2500.0,automatic,fwd,gasoline,8.0,good,Silver,sedan,clean,2500.0,-2306.72
7924666965,2026-04-04T21:00:38Z,Chevrolet,Camaro,1969,4664.0,59000.0,automatic,,gasoline,,,blue,,clean,59000.0,80253.9
7924666742,2026-04-04T21:00:38Z,Chevrolet,Silverado,2015,126474.0,15900.0,automatic,4wd,gasoline,8.0,,grey,truck,clean,15900.0,16972.81
7924752722,2026-04-04T21:00:38Z,Chevrolet,Express,2008,170484.0,8995.0,automatic,rwd,gasoline,8.0,good,white,van,clean,8995.0,11979.66
7924967328,2026-04-04T21:00:38Z,BMW,X5,2018,100000.0,20999.0,automatic,awd,gasoline,,good,,suv,clean,20999.0,15804.76
7925251829,2026-04-04T21:00:38Z,Volvo,Xc60,2016,126000.0,8885.0,automatic,awd,gasoline,5.0,good,grey,suv,clean,8885.0,7101.55
7925305513,2026-04-04T21:00:38Z,Land Rover,Range Rover Sport,2017,95262.0,16900.0,automatic,,gasoline,6.0,good,black,suv,clean,16900.0,13195.48
7925306928,2026-04-04T21:00:38Z,Honda,Civic,2015,130759.0,9400.0,automatic,,gasoline,4.0,good,Blue,sedan,clean,9400.0,7527.21
7925336756,2026-04-04T21:00:38Z,Subaru,Legacy,2017,124781.0,10998.0,automatic,awd,gasoline,4.0,,white,sedan,clean,10998.0,12214.28
7925348793,2026-04-04T21:00:38Z,Mercedes-Benz,Glk350,2015,130000.0,9885.0,automatic,4wd,gasoline,6.0,like new,white,suv,clean,9885.0,12823.71
7925565239,2026-04-04T21:00:38Z,Ford,F-150,2013,181000.0,6505.0,automatic,4wd,gasoline,6.0,,White,truck,clean,6505.0,16617.54
7925558588,2026-04-04T21:00:38Z,Toyota,Sienna,2011,67175.0,5500.0,automatic,fwd,gasoline,6.0,,,van,clean,5500.0,13087.64
7925603033,2026-04-04T21:00:38Z,Honda,Accord,2020,20000.0,2000.0,automatic,4wd,gasoline,8.0,like new,blue,sedan,clean,2000.0,8215.9
7925637008,2026-04-04T21:00:38Z,Jeep,Grand Cherokee,2006,130000.0,3950.0,automatic,4wd,gasoline,6.0,,,suv,clean,3950.0,6404.15
